Symbol,Series,Date,Prev Close,Open Price,High Price,Low Price,Last Price,Close Price,Average Price,Total Traded Quantity,Turnover,No. of Trades,Deliverable Qty,% Dly Qt to Traded Qty
SUNPHARMA,EQ,01-03-2019,445.15,447.9,451,445.05,447.1,447.35,448.42,5608805,2515108045,62891,1916646,34.17
SUNPHARMA,EQ,05-03-2019,447.35,447.85,456.9,445.35,455.7,455.9,452.62,5251255,2376804042,113346,1515301,28.86
SUNPHARMA,EQ,06-03-2019,455.9,457,469.35,446.95,455.8,460.55,459.49,13004184,5975283331,162356,2710115,20.84
SUNPHARMA,EQ,07-03-2019,460.55,459.5,463,448.8,450.65,450.9,455.16,10701581,4870886814,114160,4613078,43.11
SUNPHARMA,EQ,08-03-2019,450.9,449.5,457.9,447.3,454.9,454.95,454.58,5040326,2291243909,78653,1085948,21.55
SUNPHARMA,EQ,11-03-2019,454.95,456,461.45,454,459,459.45,458.91,4628360,2124013853,69324,1683983,36.38
SUNPHARMA,EQ,12-03-2019,459.45,463,471.65,462,471,470.3,468,8660320,4053041141,113877,3230870,37.31
SUNPHARMA,EQ,13-03-2019,470.3,473,475,452.5,455.6,456.5,466.14,7156428,3335907240,87623,1990251,27.81
SUNPHARMA,EQ,14-03-2019,456.5,456.9,468.5,456,466.4,466.15,464.08,8039525,3730984725,87995,2382238,29.63
SUNPHARMA,EQ,15-03-2019,466.15,466.2,469.95,462.3,465.8,464.35,465.53,5877969,2736386347,69853,2376231,40.43
SUNPHARMA,EQ,18-03-2019,464.35,466,469.9,458.65,465.65,465.65,465.29,4382489,2039148926,66374,910008,20.76
SUNPHARMA,EQ,19-03-2019,465.65,467.5,475.25,466.65,469.9,468.95,471.75,6725926,3172947149,89618,1648141,24.5
SUNPHARMA,EQ,20-03-2019,468.95,470.75,476.8,466,475.4,474.75,472.39,4235163,2000646843,62850,1187822,28.05
SUNPHARMA,EQ,22-03-2019,474.75,475.8,479.7,469.35,472.2,473.25,474.6,6125288,2907068959,102987,2382913,38.9
SUNPHARMA,EQ,25-03-2019,473.25,468.5,469.45,461.2,465,464.65,464.56,4043446,1878441560,51359,1595795,39.47
SUNPHARMA,EQ,26-03-2019,464.65,467,471.5,462.1,470.15,469.8,466.5,3843580,1793047964,66524,1599819,41.62
SUNPHARMA,EQ,27-03-2019,469.8,471.8,477.35,459.75,464.85,464.85,468.53,6016947,2819092485,95994,2483101,41.27
SUNPHARMA,EQ,28-03-2019,464.85,465,479.8,465,475.45,475.45,475.1,10590187,5031391589,101302,5152125,48.65
SUNPHARMA,EQ,29-03-2019,475.45,475.55,482.95,472.3,477.8,478.85,478.49,5625338,2691665414,78822,1749847,31.11
SUNPHARMA,EQ,01-04-2019,478.85,480.95,484.25,475.6,480,478.85,479.86,3583589,1719604750,64436,795264,22.19
SUNPHARMA,EQ,02-04-2019,478.85,482,483.9,467.1,470.45,469.7,475.53,4034802,1918686012,59391,1003720,24.88
SUNPHARMA,EQ,03-04-2019,469.7,471,473.9,459.15,461.1,462,466.31,4715586,2198939542,64306,1760917,37.34
SUNPHARMA,EQ,04-04-2019,462,463,469.9,459.5,465.5,465.6,465.2,4151406,1931221880,66863,1499237,36.11
SUNPHARMA,EQ,05-04-2019,465.6,467.1,470,461.5,463.7,463.15,464.94,2205935,1025634320,35835,541758,24.56
SUNPHARMA,EQ,08-04-2019,463.15,464.6,467.2,460.45,461.1,462.45,462.93,2274003,1052705120,44773,622518,27.38
SUNPHARMA,EQ,09-04-2019,462.45,457.25,472.4,454.8,468.8,470.95,465.07,4345243,2020863666,78977,1003714,23.1
SUNPHARMA,EQ,10-04-2019,470.95,468,479.9,467.35,472.5,471.95,474.29,3887388,1843751002,54907,1074777,27.65
SUNPHARMA,EQ,11-04-2019,471.95,465.25,470.9,461.6,465.3,465.55,466.35,4429596,2065721975,65526,1089228,24.59
SUNPHARMA,EQ,12-04-2019,465.55,467,468.5,462.3,464,465.05,465.3,3332732,1550733503,58200,1397580,41.93
SUNPHARMA,EQ,15-04-2019,465.05,465.3,466.8,457.5,458.65,458.65,459.93,3770497,1734177771,60985,1327519,35.21
SUNPHARMA,EQ,16-04-2019,458.65,459.45,464.5,458.65,463,462.55,461.29,2825105,1303189649,83382,904125,32
SUNPHARMA,EQ,18-04-2019,462.55,463.9,466,456.7,463.2,463.2,461.84,3567327,1647534754,63883,1426443,39.99
SUNPHARMA,EQ,22-04-2019,463.2,464,465.05,452.4,453.5,454.5,457.97,1828896,837571686.2,34911,451658,24.7
SUNPHARMA,EQ,23-04-2019,454.5,453,472.4,453,468,468.55,465.81,5292341,2465223127,92790,1264174,23.89
SUNPHARMA,EQ,24-04-2019,468.55,469.1,470,462.5,469.85,469.35,466.96,2821522,1317548172,48682,609788,21.61
SUNPHARMA,EQ,25-04-2019,469.35,465.25,474.6,459.5,463.25,461,465.36,5244937,2440765420,64135,2340587,44.63
SUNPHARMA,EQ,26-04-2019,461,464,469.4,462.6,463.5,464.1,465.22,2903286,1350675704,44737,904176,31.14
SUNPHARMA,EQ,30-04-2019,464.1,464,464,446,455.6,457.65,454.4,6586352,2992829978,83515,3284444,49.87
SUNPHARMA,EQ,02-05-2019,457.65,456.95,461.7,450.5,452.5,452.2,456.18,3732218,1702555564,76903,1384328,37.09
SUNPHARMA,EQ,03-05-2019,452.2,455,456.2,448.85,452.45,453.25,452.25,2585548,1169317217,54237,946577,36.61
SUNPHARMA,EQ,06-05-2019,453.25,448,455.9,446.45,452.55,453.15,452.73,3104707,1405587292,54759,998788,32.17
SUNPHARMA,EQ,07-05-2019,453.15,456,456,446.45,447.25,448.2,451.6,4189396,1891915824,60790,2021138,48.24
SUNPHARMA,EQ,08-05-2019,448.2,447.75,449.85,433.45,436,439.15,440.9,4885249,2153903821,74176,1930369,39.51
SUNPHARMA,EQ,09-05-2019,439.15,436,442.7,431.55,439.25,439.35,437.6,3550114,1553525485,57904,1063280,29.95
SUNPHARMA,EQ,10-05-2019,439.35,437,442.65,434.45,437.65,437.75,438.38,3482485,1526655374,62727,1313912,37.73
SUNPHARMA,EQ,13-05-2019,437.75,437.75,437.75,344.55,414,398.1,401.07,24079258,9657555365,260840,6844309,28.42
SUNPHARMA,EQ,14-05-2019,398.1,406.05,424.5,403.25,420.5,419.45,413.29,18797497,7768770751,222948,3452591,18.37
SUNPHARMA,EQ,15-05-2019,419.45,420,424.5,407.1,411,409.75,415.66,7581005,3151082906,101795,1383582,18.25
SUNPHARMA,EQ,16-05-2019,409.75,411.5,419.6,379.05,412.15,412.4,399.89,25156049,10059672073,279863,3333881,13.25
SUNPHARMA,EQ,17-05-2019,412.4,409.05,416,401.7,409.6,409.1,407.3,7747301,3155512081,131130,1143637,14.76
SUNPHARMA,EQ,20-05-2019,409.1,420,429,410.2,414.2,413.5,414.93,3809738,1580786621,53992,622567,16.34
SUNPHARMA,EQ,21-05-2019,413.5,414.2,423.75,405.65,408.6,408.85,414.89,6228488,2584147179,100521,1599506,25.68
SUNPHARMA,EQ,22-05-2019,408.85,409,423.55,408,423,421.2,419.02,7277731,3049539862,124840,1650730,22.68
SUNPHARMA,EQ,23-05-2019,421.2,425,427,410.2,413.45,412.95,419,5906044,2474659236,97297,1891606,32.03
SUNPHARMA,EQ,24-05-2019,412.95,416.7,418,411.65,416.4,415.75,415.02,3010407,1249377998,56560,818140,27.18
SUNPHARMA,EQ,27-05-2019,415.75,416.95,421.5,411.55,414.5,414.85,415.95,3886561,1616614718,52845,665627,17.13
SUNPHARMA,EQ,28-05-2019,414.85,417,420.5,410.2,414.5,412.75,414.91,7987111,3313934121,110149,3116936,39.02
SUNPHARMA,EQ,29-05-2019,412.75,418.05,427.8,403.55,422.05,423.8,417.51,28086149,11726190001,287806,2990991,10.65
SUNPHARMA,EQ,30-05-2019,423.8,421.25,422.7,411.2,412.9,412.75,415.4,9082367,3772814179,101191,2554421,28.13
SUNPHARMA,EQ,31-05-2019,412.75,414.8,417.1,406.05,410.65,409.85,411.34,5643400,2321383893,75853,1785566,31.64
SUNPHARMA,EQ,03-06-2019,409.85,411,418.6,407.5,417,416.8,414.73,4611475,1912528554,56279,1431843,31.05
SUNPHARMA,EQ,04-06-2019,416.8,414.8,417.9,409.1,411.25,411.15,413.26,3279047,1355109727,66951,862387,26.3
SUNPHARMA,EQ,06-06-2019,411.15,411.25,413.5,402.6,404,404.15,407.13,3483633,1418295298,50842,912333,26.19
SUNPHARMA,EQ,07-06-2019,404.15,405,406.9,395.1,399,399.25,399.95,4668474,1867168032,63580,1098599,23.53
SUNPHARMA,EQ,10-06-2019,399.25,402,405.8,394.05,403.55,402.05,400.47,4966075,1988774432,86051,1463902,29.48
SUNPHARMA,EQ,11-06-2019,402.05,396,397.8,384,391.5,389.95,388.83,13833555,5378967851,211702,4581638,33.12
SUNPHARMA,EQ,12-06-2019,389.95,391,397,385.25,391.5,391.4,391.74,7739283,3031784679,89095,2094731,27.07
SUNPHARMA,EQ,13-06-2019,391.4,391,393.75,385.4,389.8,389.75,388.85,4090663,1590671215,68453,1421106,34.74
SUNPHARMA,EQ,14-06-2019,389.75,390,394.85,376.55,391.7,392.55,386.9,9786375,3786392032,100560,2328313,23.79
SUNPHARMA,EQ,17-06-2019,392.55,391.7,394.5,379.85,381.4,382.9,386.91,6558933,2537710887,82184,2035485,30.39
SUNPHARMA,EQ,18-06-2019,382.9,381.4,385.6,374.3,377.05,378.45,380.83,3761637,1432535570,75409,1051284,27.05
SUNPHARMA,EQ,19-06-2019,378.45,380,382.1,368.15,375.4,375.2,374.86,7197444,2698056827,94873,2760584,38.36
SUNPHARMA,EQ,20-06-2019,375.2,368,392.2,368,389,390.5,383.66,8109029,3111122642,108867,2045469,25.22
SUNPHARMA,EQ,21-06-2019,390.5,388.9,391.7,381.05,384,382.8,384.06,5389874,2070054516,80571,2321502,43.07
SUNPHARMA,EQ,24-06-2019,382.8,381.8,385.4,377.5,383.2,383.45,381.49,3702836,1412577373,85717,1395118,37.68
SUNPHARMA,EQ,25-06-2019,383.45,382.5,387.5,377.55,384.4,385.75,382.34,4480306,1712982569,70562,1508507,33.67
SUNPHARMA,EQ,26-06-2019,385.75,385,403.55,384.65,398.7,399.45,397.52,9571797,3804954321,115235,1393916,14.56
SUNPHARMA,EQ,27-06-2019,399.45,399.05,405.4,394.75,402.9,402.8,401.35,7651785,3071082103,100219,1995564,26.08
SUNPHARMA,EQ,28-06-2019,402.8,404.9,409.8,398.15,401.35,400.95,404.22,7283442,2944139197,87373,1069347,14.68
SUNPHARMA,EQ,01-07-2019,400.95,402,406.5,401.5,405.4,405.35,404.33,2254468,911553703.6,36905,427029,18.94
SUNPHARMA,EQ,02-07-2019,405.35,404.85,407,391.15,394.7,395.55,395.77,5539613,2192436816,77413,1294613,23.37
SUNPHARMA,EQ,03-07-2019,395.55,397.4,399.15,393.1,395.5,395.7,395.74,2683086,1061798271,50056,351644,13.11
SUNPHARMA,EQ,04-07-2019,395.7,396.7,398.05,391.2,391.5,392.1,393.17,3308295,1300713459,51761,1326124,40.08
SUNPHARMA,EQ,05-07-2019,392.1,393.5,394.4,373.4,375.25,375.25,383.11,5446432,2086556488,95652,1988727,36.51
SUNPHARMA,EQ,08-07-2019,375.25,375,380.9,365.4,368,366.8,370.54,7355520,2725488779,93616,2565900,34.88
SUNPHARMA,EQ,09-07-2019,366.8,367,395,367,387,386.4,385.21,15428006,5943056869,173961,4024467,26.09
SUNPHARMA,EQ,10-07-2019,386.4,386,397.35,380.6,390.45,392.2,389.98,10202064,3978605224,128191,1919408,18.81
SUNPHARMA,EQ,11-07-2019,392.2,394.9,400.35,390.3,398.4,398.15,395.37,7759443,3067850283,92372,2381355,30.69
SUNPHARMA,EQ,12-07-2019,398.15,400.5,411.5,397.35,407.55,407.7,404.98,13549864,5487383629,171556,4393593,32.43
SUNPHARMA,EQ,15-07-2019,407.7,416.25,427.7,413.65,420.4,422.95,421.48,18269604,7700236193,211270,5534710,30.29
SUNPHARMA,EQ,16-07-2019,422.95,420.8,435,418.65,434.05,433.3,427.76,8630766,3691901522,112273,2349868,27.23
SUNPHARMA,EQ,17-07-2019,433.3,433,436.3,428.1,429.65,430.05,432.41,6500759,2810978546,88298,1729220,26.6
SUNPHARMA,EQ,18-07-2019,430.05,430.05,432.9,424.65,425.45,426.2,428.05,4711395,2016716799,100610,803439,17.05
SUNPHARMA,EQ,19-07-2019,426.2,427,429.4,416.05,421.15,421.35,421.72,5104476,2152645630,75455,1214219,23.79
SUNPHARMA,EQ,22-07-2019,421.35,419.1,443.3,419,430,430.25,433.32,10420113,4515273591,141910,2763432,26.52
SUNPHARMA,EQ,23-07-2019,430.25,431,435.5,427.1,428.65,430.25,431.1,6698368,2887667934,91803,2617725,39.08
SUNPHARMA,EQ,24-07-2019,430.25,430,432.45,421.7,425.45,425.55,425.76,5319256,2264721160,66147,2287760,43.01
SUNPHARMA,EQ,25-07-2019,425.55,425.8,439.7,425.55,437.25,437.15,434.29,11412685,4956371226,132935,6594947,57.79
SUNPHARMA,EQ,26-07-2019,437.15,437,442.2,433.1,440.3,439.95,438.54,5094438,2234108414,66486,1560784,30.64
SUNPHARMA,EQ,29-07-2019,439.95,440,441.7,429.2,431,431.05,432.05,4448863,1922120623,56012,1899330,42.69
SUNPHARMA,EQ,30-07-2019,431.05,430,441.3,405,410.35,410.35,424.73,9461831,4018742056,122333,3051132,32.25
SUNPHARMA,EQ,31-07-2019,410.35,410,428.8,409,426.05,426.75,421.9,7746831,3268396838,118535,2408998,31.1
SUNPHARMA,EQ,01-08-2019,426.75,424.8,427.75,418,424.95,425.1,422.29,3635110,1535068103,85351,1075111,29.58
SUNPHARMA,EQ,02-08-2019,425.1,422.9,426.5,417.35,420,420.65,421.96,3490912,1473027769,64622,730006,20.91
SUNPHARMA,EQ,05-08-2019,420.65,417.65,423.75,411.05,416.75,417.15,417.68,4784904,1998544356,82085,1699933,35.53
SUNPHARMA,EQ,06-08-2019,417.15,416,422.45,414.5,417.8,418.2,418.42,3204070,1340638399,83821,1124613,35.1
SUNPHARMA,EQ,07-08-2019,418.2,421,429,418.1,419.75,421.05,423.68,5431353,2301164509,88870,1946135,35.83
SUNPHARMA,EQ,08-08-2019,421.05,424,428.2,418.15,427.05,426.45,422.86,3157083,1335015313,55223,634205,20.09
SUNPHARMA,EQ,09-08-2019,426.45,428,430.35,418.45,422.5,422,424.17,3434604,1456845592,52089,700448,20.39
SUNPHARMA,EQ,13-08-2019,422,421.5,444.5,420.75,438.35,439.25,434.82,13211835,5744724362,186160,3951212,29.91
SUNPHARMA,EQ,14-08-2019,439.25,440,441,408.05,416.5,417.15,418.02,16173302,6760844325,207289,4138401,25.59
SUNPHARMA,EQ,16-08-2019,417.15,419.4,421.4,410,413.4,414.7,414.43,6536156,2708786522,111799,1863520,28.51
SUNPHARMA,EQ,19-08-2019,414.7,424.75,434.2,421,426,426,427.06,11584821,4947424997,159019,2082843,17.98
SUNPHARMA,EQ,20-08-2019,426,426,426.5,417.3,420.8,420.9,421.6,5151625,2171945238,72097,1022145,19.84
SUNPHARMA,EQ,21-08-2019,420.9,421,425.85,413.6,415.65,417,418.96,5120294,2145184872,74961,1008597,19.7
SUNPHARMA,EQ,22-08-2019,417,416.7,420.75,408.5,413,414.55,415.12,5299316,2199829454,94123,1308426,24.69
SUNPHARMA,EQ,23-08-2019,414.55,415,429.95,408.9,427.9,427.8,420.84,5479802,2306093153,85076,1015295,18.53
SUNPHARMA,EQ,26-08-2019,427.8,428,429.8,415.1,418.95,419.35,419.97,6258106,2628224042,74984,2281719,36.46
SUNPHARMA,EQ,27-08-2019,419.35,424.05,425.45,415.1,416.75,416.75,418.6,6738413,2820719750,105883,2725453,40.45
SUNPHARMA,EQ,28-08-2019,416.75,416.9,421.7,411.5,412.7,413.1,416.35,3441725,1432978408,52277,506965,14.73
SUNPHARMA,EQ,29-08-2019,413.1,428,438.6,421.1,434,434.65,430.25,19967263,8590893305,222713,3351923,16.79
SUNPHARMA,EQ,30-08-2019,434.65,432.95,453.4,429.75,452.15,450.4,443.01,12308149,5452630294,172404,2422412,19.68
SUNPHARMA,EQ,03-09-2019,450.4,450,456,434.3,438.5,439.35,447.79,9396440,4207661956,131154,1806143,19.22
SUNPHARMA,EQ,04-09-2019,439.35,424.55,429.45,401.3,426,426.45,416.45,33952423,14139402139,355813,4149867,12.22
SUNPHARMA,EQ,05-09-2019,426.45,428,433.95,423.35,432.7,431.8,429.45,8793166,3776266452,128452,1329616,15.12
SUNPHARMA,EQ,06-09-2019,431.8,416.7,427.2,414.45,425,425.1,420.75,12513040,5264867283,142052,2324400,18.58
SUNPHARMA,EQ,09-09-2019,425.1,426,432.5,426,428.2,428.8,429.52,5488753,2357555862,69471,641182,11.68
SUNPHARMA,EQ,11-09-2019,428.8,432,435,421.25,422.6,422.2,426.41,7742635,3301510736,94865,3055426,39.46
SUNPHARMA,EQ,12-09-2019,422.2,424.75,439.8,419.45,427.7,427.8,430.5,9896642,4260507643,108689,2023396,20.45
SUNPHARMA,EQ,13-09-2019,427.8,430.45,432.85,421.1,421.8,422.85,424.97,6847742,2910060585,66390,2281305,33.31
SUNPHARMA,EQ,16-09-2019,422.85,421,429.5,419.95,426,426.8,425.88,5239616,2231460430,84062,1463088,27.92
SUNPHARMA,EQ,17-09-2019,426.8,426.7,427.55,419.15,420.8,420.65,422.81,3367950,1424012609,58872,921635,27.36
SUNPHARMA,EQ,18-09-2019,420.65,423.9,424.6,414.25,417.3,416.8,418.55,3728621,1560619059,70685,840591,22.54
SUNPHARMA,EQ,19-09-2019,416.8,416.8,418.9,408.2,410.7,411.15,411.92,4238714,1746003914,73253,1483541,35
SUNPHARMA,EQ,20-09-2019,411.15,413.9,420.8,408,414.2,413.7,415.09,11785529,4892058627,144373,5619360,47.68
SUNPHARMA,EQ,23-09-2019,413.7,418,424.3,405.4,407,409.45,412.87,7342291,3031394597,106069,3206591,43.67
SUNPHARMA,EQ,24-09-2019,409.45,408,419.7,406.35,409.75,409.65,413.88,5860106,2425388536,88914,1739770,29.69
SUNPHARMA,EQ,25-09-2019,409.65,409.6,412.7,401.75,406.75,406.75,406.69,5031063,2046059737,70703,1681756,33.43
SUNPHARMA,EQ,26-09-2019,406.75,406.75,413,405.3,412.9,411.95,410.08,5309789,2177425515,87956,1675765,31.56
SUNPHARMA,EQ,27-09-2019,411.95,412,412.5,400.25,402.1,401.7,405.11,3835936,1553976654,58856,1338452,34.89
SUNPHARMA,EQ,30-09-2019,401.7,402.9,403,386.55,390.5,389.45,391.35,6674624,2612081329,99735,2624835,39.33
SUNPHARMA,EQ,01-10-2019,389.45,388.5,396.4,380.1,388,386.55,389.01,4308157,1675901683,98376,1346550,31.26
SUNPHARMA,EQ,03-10-2019,386.55,382,391.45,377.65,387.1,388.15,385.43,5216456,2010596354,106807,1927697,36.95
SUNPHARMA,EQ,04-10-2019,388.15,389,394,384.2,385.45,386.05,388.48,4024033,1563260438,88238,1413161,35.12
SUNPHARMA,EQ,07-10-2019,386.05,386.05,387.65,372.6,380.25,379.9,378.94,5151963,1952293964,87751,996821,19.35
SUNPHARMA,EQ,09-10-2019,379.9,378,387.75,374.2,384.1,383.95,381.12,4991946,1902520947,87267,1792162,35.9
SUNPHARMA,EQ,10-10-2019,383.95,385,389.8,378.7,386.05,387.05,385.55,4581317,1766331387,64463,1195620,26.1
SUNPHARMA,EQ,11-10-2019,387.05,387.4,389.35,381.5,387.3,386.3,384.62,4273739,1643773132,56854,1099912,25.74
SUNPHARMA,EQ,14-10-2019,386.3,387,399,387,395.5,394.65,394.99,4372357,1727051382,73295,1194634,27.32
SUNPHARMA,EQ,15-10-2019,394.65,397.2,400,392.25,396.2,396.8,396.46,2892153,1146620527,45973,396183,13.7
SUNPHARMA,EQ,16-10-2019,396.8,398.05,402.2,394.25,398.6,399.7,399.19,5503380,2196919346,71067,2074560,37.7
SUNPHARMA,EQ,17-10-2019,399.7,401.6,402.55,396.8,400,401.5,399.68,2934902,1173028040,54036,786561,26.8
SUNPHARMA,EQ,18-10-2019,401.5,401,406.5,397.5,400.95,401.65,402.57,4647037,1870745184,55301,1291991,27.8
SUNPHARMA,EQ,22-10-2019,401.65,402,408,400.95,405.6,405.45,405.26,2944611,1193339241,84680,1054658,35.82
SUNPHARMA,EQ,23-10-2019,405.45,405.6,411.35,403,405.5,405.2,406.39,3374975,1371567590,60552,1120339,33.2
SUNPHARMA,EQ,24-10-2019,405.2,405,407.75,398.7,406.4,405.95,404.16,3017220,1219431441,74302,799222,26.49
SUNPHARMA,EQ,25-10-2019,405.95,405,419.5,401.05,416.35,417.5,412.93,4845146,2000725812,77514,1554096,32.08
SUNPHARMA,EQ,27-10-2019,417.5,416.05,419.8,416.05,417,417.75,417.96,359082,150083514.3,7411,121699,33.89
SUNPHARMA,EQ,29-10-2019,417.75,417.7,425.5,414,421.8,421.95,421.72,3863059,1629114217,71180,1489602,38.56
SUNPHARMA,EQ,30-10-2019,421.95,426.95,432.55,418.1,429.6,429.65,424.82,3511610,1491817333,58004,758810,21.61
SUNPHARMA,EQ,31-10-2019,429.65,429.6,440.55,428.8,434.7,433.4,435.27,6710116,2920695309,97323,3192973,47.58
SUNPHARMA,EQ,01-11-2019,433.4,434.65,440.9,433.1,438.9,437.55,437.32,3545584,1550565646,58866,1042470,29.4
SUNPHARMA,EQ,04-11-2019,437.55,439.95,442.4,433.65,438.6,437.95,439.19,4646694,2040792828,58805,2023989,43.56
SUNPHARMA,EQ,05-11-2019,437.95,435.5,439.8,424.05,429.2,429.9,431.06,6719996,2896725322,65433,3498644,52.06
SUNPHARMA,EQ,06-11-2019,429.9,432.4,452.9,422.1,427.5,427.9,438.13,15917528,6973871229,184052,2890919,18.16
SUNPHARMA,EQ,07-11-2019,427.9,431.7,444,423.4,442.5,440.6,435.78,14294406,6229160048,152916,3490801,24.42
SUNPHARMA,EQ,08-11-2019,440.6,442,442.5,420.85,421.65,422.1,428.17,11902470,5096228244,138582,3162515,26.57
SUNPHARMA,EQ,11-11-2019,422.1,415,423.3,407.1,420.6,421.45,416.73,10249882,4271426689,127922,2702993,26.37
SUNPHARMA,EQ,13-11-2019,421.45,420,426.9,410,412.55,412,417.92,6033467,2521492554,71449,2667612,44.21
SUNPHARMA,EQ,14-11-2019,412,413.2,417.35,407.55,410.5,410.2,412.73,4750176,1960517455,127361,2143285,45.12
SUNPHARMA,EQ,15-11-2019,410.2,412.75,418.9,410.15,416,415.05,415.04,5416931,2248254892,67389,2328614,42.99
SUNPHARMA,EQ,18-11-2019,415.05,418,430,417.05,424.75,424.55,425.04,7710740,3277341929,109161,2544570,33
SUNPHARMA,EQ,19-11-2019,424.55,425,429.9,421.6,425.2,425.9,425.91,4163853,1773414711,65315,1352330,32.48
SUNPHARMA,EQ,20-11-2019,425.9,427.2,460.6,423.85,448.5,450,447.15,23107507,10332456976,233907,5289320,22.89
SUNPHARMA,EQ,21-11-2019,450,450,454.45,443.6,447.05,447.15,449.1,7480460,3359481950,85370,2543785,34.01
SUNPHARMA,EQ,22-11-2019,447.15,450,461.9,445.1,450.8,452.1,453.5,12114721,5494020258,126896,1972013,16.28
SUNPHARMA,EQ,25-11-2019,452.1,453,463.9,450,458.45,458.95,459.63,8251208,3792463214,112128,2128537,25.8
SUNPHARMA,EQ,26-11-2019,458.95,463.8,467.4,446.5,452,450.75,455.67,11278843,5139484796,119712,4462397,39.56
SUNPHARMA,EQ,27-11-2019,450.75,449.95,461,447.55,459.25,458.75,455.44,6481012,2951681975,63515,2618433,40.4
SUNPHARMA,EQ,28-11-2019,458.75,456.2,462.4,455.15,459.5,457.35,459.08,4005893,1839036431,52474,900949,22.49
SUNPHARMA,EQ,29-11-2019,457.35,458.4,460.55,447.45,449,449.85,452.73,3198828,1448208887,52523,1101883,34.45
SUNPHARMA,EQ,02-12-2019,449.85,449,449.6,437,440,440,440.96,4933088,2175285421,60337,2262921,45.87
SUNPHARMA,EQ,03-12-2019,440,441.4,442.2,430.5,433.6,433.6,436.7,3602073,1573020000,52508,1377174,38.23
SUNPHARMA,EQ,04-12-2019,433.6,433.5,444.7,431.7,443.05,443.7,439.74,4318531,1899035709,72952,1203125,27.86
SUNPHARMA,EQ,05-12-2019,443.7,440,441.95,433.25,436.5,436.7,436.45,4096921,1788097479,99191,1561410,38.11
SUNPHARMA,EQ,06-12-2019,436.7,440.3,444.2,427,428.4,428.6,435.28,5805588,2527056403,58353,1801025,31.02
SUNPHARMA,EQ,09-12-2019,428.6,431.85,434.6,423.6,427,427,430.19,4959765,2133630617,63358,1726339,34.81
SUNPHARMA,EQ,10-12-2019,427,429.6,435.75,425.3,427.6,427.65,430.52,5578960,2401847381,74212,1152558,20.66
SUNPHARMA,EQ,11-12-2019,427.65,429.1,431.9,425.15,429.9,429.8,428.75,3322986,1424745016,64060,972927,29.28
SUNPHARMA,EQ,12-12-2019,429.8,430.9,437.9,430.25,433.05,434.15,434.37,2794856,1214014561,51164,899140,32.17
SUNPHARMA,EQ,13-12-2019,434.15,437.6,441.9,425.6,437.75,439.25,434.62,5386394,2341056612,63305,1366940,25.38
SUNPHARMA,EQ,16-12-2019,439.25,431.25,437.2,426.4,435,435.15,433.05,8290756,3590298605,95443,1963584,23.68
SUNPHARMA,EQ,17-12-2019,435.15,434,437.5,426.25,429.7,429.05,430.58,6407264,2758846949,75881,2337177,36.48
SUNPHARMA,EQ,18-12-2019,429.05,430,441.4,427.3,439.8,439.75,435.75,5341984,2327793869,61223,1495478,27.99
SUNPHARMA,EQ,19-12-2019,439.75,439.8,440.6,427.5,433.35,433.6,433.15,6465219,2800437387,68937,1871303,28.94
SUNPHARMA,EQ,20-12-2019,433.6,429.15,436.7,428.05,430.3,430.3,431.82,7157364,3090683599,73641,2580724,36.06
SUNPHARMA,EQ,23-12-2019,430.3,427.1,432,426.6,427.5,428.4,429.24,4534617,1946433571,48100,1771162,39.06
SUNPHARMA,EQ,24-12-2019,428.4,428,432.45,425.4,429.15,429.8,429.44,4210004,1807951345,42944,916846,21.78
SUNPHARMA,EQ,26-12-2019,429.8,430.9,431.4,420.65,421.9,422.15,426.69,5296867,2260117554,51320,1449301,27.36
SUNPHARMA,EQ,27-12-2019,422.15,422,427.15,421.4,426,426,424.73,3413181,1449674346,38150,780417,22.86
SUNPHARMA,EQ,30-12-2019,426,428.95,433.5,426.7,429.5,430.15,430.53,4758825,2048796571,46376,757570,15.92
SUNPHARMA,EQ,31-12-2019,430.15,430.1,435.4,428.7,432.3,432.55,432.59,2957369,1279319641,30191,1168468,39.51
SUNPHARMA,EQ,01-01-2020,432.55,432.95,436.45,431.25,433.7,434.3,434.19,2321850,1008133830,26860,535495,23.06
SUNPHARMA,EQ,02-01-2020,434.3,434,442.6,432,434.65,434.95,436.67,4555670,1989331434,55381,1473154,32.34
SUNPHARMA,EQ,03-01-2020,434.95,434.65,450.4,433.05,443.15,444.6,444.26,9457180,4201473864,140147,2419437,25.58
SUNPHARMA,EQ,06-01-2020,444.6,440.9,444.7,435.1,439,439.95,439.9,4794923,2109276730,54273,1170220,24.41
SUNPHARMA,EQ,07-01-2020,439.95,441.4,448,437.55,447.05,446.4,443.49,4504083,1997499901,63835,1419164,31.51
SUNPHARMA,EQ,08-01-2020,446.4,442.95,446.5,439,439.1,440.1,441.78,3881918,1714947318,61787,1589497,40.95
SUNPHARMA,EQ,09-01-2020,440.1,442.7,444.85,439,439.95,439.85,441.6,3934566,1737506321,52598,1855620,47.16
SUNPHARMA,EQ,10-01-2020,439.85,440.1,449,440,444.75,443.6,445.53,4334013,1930932330,50131,862079,19.89
SUNPHARMA,EQ,13-01-2020,443.6,447,453.65,442.55,444.8,444.6,447.4,4823348,2157943768,105783,1247523,25.86
SUNPHARMA,EQ,14-01-2020,444.6,447,449.5,444.4,446.6,446,446.99,2708589,1210709087,38098,779995,28.8
SUNPHARMA,EQ,15-01-2020,446,447.6,450.7,443.65,448.5,449.05,447.29,3054107,1366076895,47457,1198618,39.25
SUNPHARMA,EQ,16-01-2020,449.05,452.25,456.35,447.4,448.2,449.05,451.34,4416809,1993469805,62319,996699,22.57
SUNPHARMA,EQ,17-01-2020,449.05,448.2,456.25,446,454.75,454.6,451.53,3216737,1452466884,49212,805184,25.03
SUNPHARMA,EQ,20-01-2020,454.6,454.2,456.2,446.15,449.3,449.45,450.14,2824739,1271534484,37371,676054,23.93
SUNPHARMA,EQ,21-01-2020,449.45,448,451.75,446,448,447.4,448.84,2573651,1155168440,64119,943823,36.67
SUNPHARMA,EQ,22-01-2020,447.4,448.4,453.85,445.35,447,446.3,449.22,3412716,1533074065,52067,1467113,42.99
SUNPHARMA,EQ,23-01-2020,446.3,447.2,452.2,445,450,449.85,449.65,1875787,843451684.4,33288,591225,31.52
SUNPHARMA,EQ,24-01-2020,449.85,450,452.85,446.8,447.4,447.8,450.39,2153164,969753957.2,51893,592641,27.52
SUNPHARMA,EQ,27-01-2020,447.8,447,451.75,442.2,448.75,448.4,447.56,3530914,1580291567,68219,1241630,35.16
SUNPHARMA,EQ,28-01-2020,448.4,448.25,462.5,448.05,452.9,452.9,457.01,9487290,4335776557,123740,2912794,30.7
SUNPHARMA,EQ,29-01-2020,452.9,454.85,456.75,449.45,450.45,450.1,452.84,3103817,1405526082,52139,981819,31.63
SUNPHARMA,EQ,30-01-2020,450.1,451.5,453.75,440.3,441.95,442.1,443.15,3486193,1544919555,53746,1295651,37.17
SUNPHARMA,EQ,31-01-2020,442.1,442.6,445.4,432.65,435.5,434.3,437.61,3757229,1644208886,61041,1553410,41.34
SUNPHARMA,EQ,01-02-2020,434.3,432.95,437.4,419.4,422.8,422.8,429.26,2217675,951962060.7,48894,411193,18.54
SUNPHARMA,EQ,03-02-2020,422.8,423.8,428.9,414,417.3,417.55,419.66,4032780,1692403582,59911,1237089,30.68
SUNPHARMA,EQ,04-02-2020,417.55,416.95,426.9,412.85,423.95,425.65,421.27,4848610,2042590028,73352,902311,18.61
SUNPHARMA,EQ,05-02-2020,425.65,429.5,431.4,421.9,427.5,426.25,426.39,3826307,1631505572,46001,1075226,28.1
SUNPHARMA,EQ,06-02-2020,426.25,428.2,438,424,428.8,430.65,429.78,7745520,3328885303,90969,2586044,33.39
SUNPHARMA,EQ,07-02-2020,430.65,432,441.75,423.2,430.35,430.8,434.3,7402556,3214934498,82235,1626411,21.97
SUNPHARMA,EQ,10-02-2020,430.8,428.55,432.75,418.3,419.95,420.3,422.73,3638523,1538112619,47171,1150389,31.62
SUNPHARMA,EQ,11-02-2020,420.3,422,424.7,416.8,419,418.55,420.29,4683072,1968231430,52542,1885064,40.25
SUNPHARMA,EQ,12-02-2020,418.55,418.8,421.3,414,414.6,414.6,416.65,4439987,1849916057,47834,2155826,48.55
SUNPHARMA,EQ,13-02-2020,414.6,414.6,420.1,412,418.65,418.95,417.18,3924569,1637270092,62025,1239331,31.58
SUNPHARMA,EQ,14-02-2020,418.95,420,424.75,416.5,417.6,418.55,420.9,2862205,1204708468,41695,597121,20.86
SUNPHARMA,EQ,17-02-2020,418.55,416.2,418.5,407.3,407.65,408.4,412.46,2625157,1082770600,41610,798134,30.4
SUNPHARMA,EQ,18-02-2020,408.4,407,410.85,399.05,406.1,408.65,404.78,4187206,1694903795,58541,1271500,30.37
SUNPHARMA,EQ,19-02-2020,408.65,410.4,414.2,400.6,403.25,403.55,405.44,5910512,2396335656,65492,1689625,28.59
SUNPHARMA,EQ,20-02-2020,403.55,403.85,411.5,403.55,404.8,404.95,407.27,4000525,1629280061,64180,1118580,27.96
SUNPHARMA,EQ,24-02-2020,404.95,406.5,414.65,395.8,397.3,397.85,404.97,12668574,5130390125,129845,4813272,37.99
SUNPHARMA,EQ,25-02-2020,397.85,402.4,402.4,385.3,387.5,388.9,390.88,10050971,3928699969,120820,3534953,35.17
SUNPHARMA,EQ,26-02-2020,388.9,385.1,386.95,372.5,374,374.7,378.15,12146582,4593268602,120753,5020090,41.33
SUNPHARMA,EQ,27-02-2020,374.7,375,390.7,369.45,388,388.5,380.83,15164166,5774939180,164638,5000518,32.98
SUNPHARMA,EQ,28-02-2020,388.5,379.65,385.6,371.1,373.2,372.9,379.91,8439591,3206318903,86209,1951047,23.12
